row_index,path,domain,word_count,section_count,avg_sentence_length,figure_count,table_count,complexity_score
0,papers/bio_medical/bio_medical_000.pdf,bio_medical,9799,100,17.53,2,2,0.3959
1,papers/bio_medical/bio_medical_001.pdf,bio_medical,46242,204,19.46,33,3,0.3974
2,papers/bio_medical/bio_medical_002.pdf,bio_medical,9351,75,19.48,6,0,0.3964
3,papers/bio_medical/bio_medical_003.pdf,bio_medical,11646,13,18.52,3,2,0.353
4,papers/bio_medical/bio_medical_004.pdf,bio_medical,13366,163,15.76,1,2,0.4172
5,papers/bio_medical/bio_medical_005.pdf,bio_medical,6454,26,23.13,10,0,0.4276
6,papers/bio_medical/bio_medical_006.pdf,bio_medical,11234,72,20.28,6,0,0.4215
7,papers/bio_medical/bio_medical_007.pdf,bio_medical,12522,137,14.82,3,6,0.4376
8,papers/bio_medical/bio_medical_008.pdf,bio_medical,4853,40,15.21,2,5,0.4133
9,papers/bio_medical/bio_medical_009.pdf,bio_medical,13387,21,26.51,15,1,0.4295
10,papers/bio_medical/bio_medical_010.pdf,bio_medical,7521,39,17.33,4,0,0.4009
11,papers/bio_medical/bio_medical_011.pdf,bio_medical,10615,58,20.18,7,3,0.4313
12,papers/bio_medical/bio_medical_012.pdf,bio_medical,9921,10,21.06,7,4,0.3907
13,papers/bio_medical/bio_medical_013.pdf,bio_medical,8440,93,14.76,4,0,0.4123
14,papers/bio_medical/bio_medical_014.pdf,bio_medical,8091,54,17.94,6,1,0.3645
15,papers/bio_medical/bio_medical_015.pdf,bio_medical,7901,59,18.59,7,1,0.4335
16,papers/bio_medical/bio_medical_016.pdf,bio_medical,8509,52,21.87,7,0,0.4122
17,papers/bio_medical/bio_medical_017.pdf,bio_medical,8671,106,13.0,4,2,0.4354
18,papers/bio_medical/bio_medical_018.pdf,bio_medical,16170,70,21.94,19,1,0.394
19,papers/bio_medical/bio_medical_019.pdf,bio_medical,7652,12,31.23,7,2,0.4572
20,papers/bio_medical/bio_medical_020.pdf,bio_medical,15285,168,15.74,1,2,0.4051
21,papers/bio_medical/bio_medical_021.pdf,bio_medical,10511,54,18.12,8,4,0.374
22,papers/bio_medical/bio_medical_022.pdf,bio_medical,11422,152,13.52,3,1,0.4171
23,papers/bio_medical/bio_medical_023.pdf,bio_medical,18601,257,13.31,5,0,0.4054
24,papers/bio_medical/bio_medical_024.pdf,bio_medical,11064,74,17.29,8,1,0.3832
25,papers/bio_medical/bio_medical_025.pdf,bio_medical,9326,1,25.34,6,10,0.4399
26,papers/bio_medical/bio_medical_026.pdf,bio_medical,14164,151,16.88,2,7,0.3995
27,papers/bio_medical/bio_medical_027.pdf,bio_medical,14005,15,18.0,7,0,0.4181
28,papers/bio_medical/bio_medical_028.pdf,bio_medical,9487,11,12.67,5,5,0.3793
29,papers/bio_medical/bio_medical_029.pdf,bio_medical,8737,97,25.47,4,0,0.3986
30,papers/bio_medical/bio_medical_030.pdf,bio_medical,6526,25,18.18,12,3,0.3963
31,papers/bio_medical/bio_medical_031.pdf,bio_medical,7860,9,24.26,6,1,0.3983
32,papers/bio_medical/bio_medical_032.pdf,bio_medical,14232,201,15.74,5,5,0.4418
33,papers/bio_medical/bio_medical_033.pdf,bio_medical,22221,7,11.54,4,1,0.3931
34,papers/bio_medical/bio_medical_034.pdf,bio_medical,6637,88,15.58,4,3,0.4104
35,papers/bio_medical/bio_medical_035.pdf,bio_medical,5013,42,16.02,5,1,0.4011
36,papers/bio_medical/bio_medical_036.pdf,bio_medical,7667,97,16.85,4,1,0.3987
37,papers/bio_medical/bio_medical_037.pdf,bio_medical,7830,48,16.45,8,0,0.4529
38,papers/bio_medical/bio_medical_038.pdf,bio_medical,19146,243,14.06,9,2,0.4174
39,papers/bio_medical/bio_medical_039.pdf,bio_medical,9186,71,20.55,5,6,0.4155
40,papers/bio_medical/bio_medical_040.pdf,bio_medical,10835,63,22.48,6,1,0.4183
41,papers/bio_medical/bio_medical_041.pdf,bio_medical,16614,15,31.89,3,0,0.416
42,papers/bio_medical/bio_medical_042.pdf,bio_medical,10065,96,16.5,6,2,0.3816
43,papers/bio_medical/bio_medical_043.pdf,bio_medical,6126,70,13.12,6,0,0.3874
44,papers/bio_medical/bio_medical_044.pdf,bio_medical,14134,8,22.72,9,0,0.3887
45,papers/bio_medical/bio_medical_045.pdf,bio_medical,11606,47,23.07,7,7,0.4051
46,papers/bio_medical/bio_medical_046.pdf,bio_medical,10143,95,16.2,7,0,0.378
47,papers/bio_medical/bio_medical_047.pdf,bio_medical,9329,65,21.55,3,0,0.4369
48,papers/bio_medical/bio_medical_048.pdf,bio_medical,7218,16,16.86,2,1,0.3989
49,papers/bio_medical/bio_medical_049.pdf,bio_medical,11907,118,20.6,3,0,0.4166
50,papers/bio_medical/bio_medical_050.pdf,bio_medical,12560,90,16.57,7,3,0.3745
51,papers/bio_medical/bio_medical_051.pdf,bio_medical,9077,3,13.75,5,1,0.3743
52,papers/bio_medical/bio_medical_052.pdf,bio_medical,17652,7,16.67,3,0,0.4018
53,papers/bio_medical/bio_medical_053.pdf,bio_medical,12939,87,18.51,9,1,0.3835
54,papers/bio_medical/bio_medical_054.pdf,bio_medical,10321,106,15.11,6,2,0.4098
55,papers/bio_medical/bio_medical_055.pdf,bio_medical,4920,9,24.72,3,1,0.4343
56,papers/bio_medical/bio_medical_056.pdf,bio_medical,17391,118,15.67,10,2,0.3866
57,papers/bio_medical/bio_medical_057.pdf,bio_medical,9216,20,19.04,5,2,0.3893
58,papers/bio_medical/bio_medical_058.pdf,bio_medical,14788,73,18.93,9,0,0.4237
59,papers/bio_medical/bio_medical_059.pdf,bio_medical,11062,74,23.24,9,0,0.4184
60,papers/bio_medical/bio_medical_060.pdf,bio_medical,9375,13,19.78,8,2,0.3855
61,papers/bio_medical/bio_medical_061.pdf,bio_medical,9504,72,19.48,7,0,0.4224
62,papers/bio_medical/bio_medical_062.pdf,bio_medical,11675,61,25.89,8,0,0.4225
63,papers/bio_medical/bio_medical_063.pdf,bio_medical,8106,87,20.68,7,0,0.4366
64,papers/bio_medical/bio_medical_064.pdf,bio_medical,12461,74,15.58,6,0,0.3722
65,papers/bio_medical/bio_medical_065.pdf,bio_medical,8212,72,16.29,4,4,0.3929
66,papers/bio_medical/bio_medical_066.pdf,bio_medical,7324,11,21.93,7,4,0.378
67,papers/bio_medical/bio_medical_067.pdf,bio_medical,9660,67,20.69,8,3,0.4047
68,papers/bio_medical/bio_medical_068.pdf,bio_medical,5279,19,24.44,5,4,0.4459
69,papers/bio_medical/bio_medical_069.pdf,bio_medical,10624,84,12.77,3,0,0.3782
70,papers/bio_medical/bio_medical_070.pdf,bio_medical,9999,15,16.15,5,0,0.3858
71,papers/bio_medical/bio_medical_071.pdf,bio_medical,14145,90,18.04,6,2,0.4439
72,papers/bio_medical/bio_medical_072.pdf,bio_medical,5740,13,18.64,4,1,0.3967
73,papers/bio_medical/bio_medical_073.pdf,bio_medical,165948,106,16.4,31,2,0.3841
74,papers/bio_medical/bio_medical_074.pdf,bio_medical,9243,79,18.38,10,3,0.4235
75,papers/bio_medical/bio_medical_075.pdf,bio_medical,6798,33,17.34,8,4,0.4027
76,papers/bio_medical/bio_medical_076.pdf,bio_medical,10381,95,13.99,8,1,0.3925
77,papers/bio_medical/bio_medical_077.pdf,bio_medical,12644,22,12.58,6,0,0.4046
78,papers/bio_medical/bio_medical_078.pdf,bio_medical,23338,24,13.33,10,0,0.3755
79,papers/bio_medical/bio_medical_079.pdf,bio_medical,2152,9,20.11,2,7,0.4074
80,papers/bio_medical/bio_medical_080.pdf,bio_medical,7322,73,14.36,3,2,0.3643
81,papers/bio_medical/bio_medical_081.pdf,bio_medical,10350,68,15.33,6,0,0.3782
82,papers/bio_medical/bio_medical_082.pdf,bio_medical,10529,87,18.67,6,2,0.4306
83,papers/bio_medical/bio_medical_083.pdf,bio_medical,6531,10,15.19,2,0,0.3912
84,papers/bio_medical/bio_medical_084.pdf,bio_medical,16131,1,24.0,7,0,0.3851
85,papers/bio_medical/bio_medical_085.pdf,bio_medical,6107,29,23.58,3,4,0.4332
86,papers/bio_medical/bio_medical_086.pdf,bio_medical,9553,74,16.97,6,0,0.4128
87,papers/bio_medical/bio_medical_087.pdf,bio_medical,8498,72,17.2,3,0,0.4303
88,papers/bio_medical/bio_medical_088.pdf,bio_medical,12207,12,26.48,9,0,0.4331
89,papers/bio_medical/bio_medical_089.pdf,bio_medical,10611,82,17.45,6,1,0.4404
90,papers/cs/cs_000.pdf,cs,13940,79,17.34,15,3,0.354
91,papers/cs/cs_001.pdf,cs,9770,87,21.24,17,7,0.3596
92,papers/cs/cs_002.pdf,cs,8880,77,27.84,13,2,0.3735
93,papers/cs/cs_003.pdf,cs,5112,5,19.0,6,0,0.3874
94,papers/cs/cs_004.pdf,cs,9162,60,15.77,4,3,0.3599
95,papers/cs/cs_005.pdf,cs,10619,73,17.29,13,3,0.3584
96,papers/cs/cs_006.pdf,cs,5529,8,24.04,4,0,0.3866
97,papers/cs/cs_007.pdf,cs,14227,21,30.79,6,4,0.3522
98,papers/cs/cs_008.pdf,cs,13280,29,22.13,10,0,0.3801
99,papers/cs/cs_009.pdf,cs,9708,69,24.03,11,2,0.373
100,papers/cs/cs_010.pdf,cs,11727,23,29.69,14,4,0.3547
101,papers/cs/cs_011.pdf,cs,7801,61,21.85,4,1,0.4155
102,papers/cs/cs_012.pdf,cs,15058,43,20.24,8,6,0.3737
103,papers/cs/cs_013.pdf,cs,23717,58,20.2,11,3,0.3682
104,papers/cs/cs_014.pdf,cs,10586,84,19.28,8,8,0.3836
105,papers/cs/cs_015.pdf,cs,7534,49,19.42,2,5,0.3623
106,papers/cs/cs_016.pdf,cs,10518,70,26.7,1,8,0.3997
107,papers/cs/cs_017.pdf,cs,7958,50,20.05,9,2,0.3565
108,papers/cs/cs_018.pdf,cs,13796,15,20.26,10,5,0.3701
109,papers/cs/cs_019.pdf,cs,10387,13,19.71,23,0,0.3678
110,papers/cs/cs_020.pdf,cs,2298,1,15.63,4,0,0.3934
111,papers/cs/cs_021.pdf,cs,11512,99,17.82,6,1,0.3652
112,papers/cs/cs_022.pdf,cs,20253,53,19.66,15,8,0.374
113,papers/cs/cs_023.pdf,cs,6063,7,21.97,5,1,0.3757
114,papers/cs/cs_024.pdf,cs,1407,6,21.98,2,0,0.4178
115,papers/cs/cs_025.pdf,cs,12102,44,19.81,2,4,0.3556
116,papers/cs/cs_026.pdf,cs,12549,21,19.13,26,0,0.3792
117,papers/cs/cs_027.pdf,cs,5859,3,9.51,7,0,0.3726
118,papers/cs/cs_028.pdf,cs,899,0,27.24,0,0,0.4148
119,papers/cs/cs_029.pdf,cs,5243,8,19.94,10,0,0.3442
120,papers/cs/cs_030.pdf,cs,12038,17,17.78,8,4,0.3518
121,papers/cs/cs_031.pdf,cs,7075,49,20.75,4,0,0.4426
122,papers/cs/cs_032.pdf,cs,21407,49,28.7,6,1,0.359
123,papers/cs/cs_033.pdf,cs,5496,38,23.0,1,1,0.4013
124,papers/cs/cs_034.pdf,cs,11639,5,21.96,8,0,0.3481
125,papers/cs/cs_035.pdf,cs,12575,52,18.15,11,4,0.3825
126,papers/cs/cs_036.pdf,cs,10999,14,15.07,6,0,0.369
127,papers/cs/cs_037.pdf,cs,9161,22,19.45,10,0,0.3589
128,papers/cs/cs_038.pdf,cs,7010,58,22.25,4,4,0.3527
129,papers/cs/cs_039.pdf,cs,6265,47,19.89,6,3,0.3703
130,papers/cs/cs_040.pdf,cs,3344,10,33.11,0,0,0.4528
131,papers/cs/cs_041.pdf,cs,5068,12,24.25,3,1,0.4294
132,papers/cs/cs_042.pdf,cs,5343,4,21.9,9,0,0.3954
133,papers/cs/cs_043.pdf,cs,17746,78,18.62,9,26,0.3486
134,papers/cs/cs_044.pdf,cs,8319,12,23.24,1,3,0.352
135,papers/cs/cs_045.pdf,cs,7137,40,20.69,22,1,0.3735
136,papers/cs/cs_046.pdf,cs,6414,4,14.07,5,0,0.376
137,papers/cs/cs_047.pdf,cs,7113,26,25.49,0,0,0.6532
138,papers/cs/cs_048.pdf,cs,9223,22,12.69,15,0,0.4003
139,papers/cs/cs_049.pdf,cs,3763,13,26.69,2,3,0.4576
140,papers/cs/cs_050.pdf,cs,8418,18,27.6,3,6,0.4056
141,papers/cs/cs_051.pdf,cs,9777,43,23.56,11,2,0.3601
142,papers/cs/cs_052.pdf,cs,21140,26,37.15,0,0,0.3659
143,papers/cs/cs_053.pdf,cs,6651,44,17.6,4,4,0.3513
144,papers/cs/cs_054.pdf,cs,14590,68,18.12,20,8,0.3504
145,papers/cs/cs_055.pdf,cs,25115,268,19.7,9,11,0.3836
146,papers/cs/cs_056.pdf,cs,12982,113,23.31,3,5,0.3702
147,papers/cs/cs_057.pdf,cs,9504,26,23.35,9,10,0.3816
148,papers/cs/cs_058.pdf,cs,4718,28,20.97,0,0,0.4061
149,papers/cs/cs_059.pdf,cs,10626,22,14.84,2,2,0.3676
150,papers/cs/cs_060.pdf,cs,6465,18,25.35,4,3,0.3846
151,papers/cs/cs_061.pdf,cs,12332,92,17.39,1,10,0.349
152,papers/cs/cs_062.pdf,cs,9233,22,16.73,6,5,0.3903
153,papers/cs/cs_063.pdf,cs,18692,49,39.1,13,7,0.4135
154,papers/cs/cs_064.pdf,cs,11549,13,11.45,6,0,0.3595
155,papers/cs/cs_065.pdf,cs,21832,113,18.95,10,14,0.3554
156,papers/cs/cs_066.pdf,cs,10730,5,12.22,1,5,0.356
157,papers/cs/cs_067.pdf,cs,4421,1,14.79,8,0,0.3694
158,papers/cs/cs_068.pdf,cs,5022,60,23.69,0,5,0.3552
159,papers/cs/cs_069.pdf,cs,6559,54,22.16,0,6,0.3735
160,papers/cs/cs_070.pdf,cs,11586,17,20.04,4,0,0.3604
161,papers/cs/cs_071.pdf,cs,5866,25,20.73,3,5,0.3826
162,papers/cs/cs_072.pdf,cs,9673,3,17.03,15,0,0.3663
163,papers/cs/cs_073.pdf,cs,11831,88,18.81,1,8,0.3461
164,papers/cs/cs_074.pdf,cs,10316,58,22.0,2,0,0.3826
165,papers/cs/cs_075.pdf,cs,11953,48,26.21,11,1,0.4119
166,papers/cs/cs_076.pdf,cs,15865,22,22.22,6,0,0.3632
167,papers/cs/cs_077.pdf,cs,16874,22,16.99,9,2,0.3513
168,papers/cs/cs_078.pdf,cs,8066,60,20.27,10,2,0.3709
169,papers/cs/cs_079.pdf,cs,7251,81,16.01,1,2,0.3796
170,papers/cs/cs_080.pdf,cs,8196,44,19.89,16,2,0.3737
171,papers/cs/cs_081.pdf,cs,11819,20,17.59,18,0,0.3688
172,papers/cs/cs_082.pdf,cs,7045,12,12.93,5,0,0.3635
173,papers/cs/cs_083.pdf,cs,12148,34,17.89,1,0,0.3813
174,papers/cs/cs_084.pdf,cs,3106,29,17.65,3,1,0.4197
175,papers/cs/cs_085.pdf,cs,4804,8,20.8,0,0,0.6325
176,papers/cs/cs_086.pdf,cs,9045,184,13.96,4,4,0.3951
177,papers/cs/cs_087.pdf,cs,7735,10,18.03,6,0,0.3565
178,papers/cs/cs_088.pdf,cs,5772,11,10.67,6,0,0.3552
179,papers/cs/cs_089.pdf,cs,9146,28,19.54,1,0,0.3683
180,papers/math/math_000.pdf,math,14397,126,19.72,8,9,0.3452
181,papers/math/math_001.pdf,math,8199,72,18.26,10,4,0.3841
182,papers/math/math_002.pdf,math,10966,4,20.77,7,0,0.345
183,papers/math/math_003.pdf,math,20951,49,27.21,1,0,0.3601
184,papers/math/math_004.pdf,math,2903,12,16.68,0,5,0.3729
185,papers/math/math_005.pdf,math,16594,59,24.15,21,0,0.3659
186,papers/math/math_006.pdf,math,11587,15,22.07,3,0,0.3456
187,papers/math/math_007.pdf,math,9315,15,25.88,9,5,0.3654
188,papers/math/math_008.pdf,math,7356,22,23.65,6,0,0.3915
189,papers/math/math_009.pdf,math,12530,30,20.51,2,4,0.3607
190,papers/math/math_010.pdf,math,16843,24,19.05,6,0,0.3426
191,papers/math/math_011.pdf,math,11681,46,17.78,1,3,0.3228
192,papers/math/math_012.pdf,math,9059,7,19.23,3,0,0.3566
193,papers/math/math_013.pdf,math,16853,102,26.84,11,6,0.3784
194,papers/math/math_014.pdf,math,8618,95,17.99,3,0,0.3609
195,papers/math/math_015.pdf,math,26928,202,38.86,22,0,0.4013
196,papers/math/math_016.pdf,math,8764,37,15.79,0,1,0.367
197,papers/math/math_017.pdf,math,10970,14,40.48,0,0,0.3722
198,papers/math/math_018.pdf,math,14338,42,20.03,9,1,0.3634
199,papers/math/math_019.pdf,math,5816,7,30.61,12,0,0.3894
200,papers/math/math_020.pdf,math,13411,15,26.61,1,1,0.3792
201,papers/math/math_021.pdf,math,7900,45,20.47,6,3,0.3473
202,papers/math/math_022.pdf,math,6965,8,24.44,4,3,0.3695
203,papers/math/math_023.pdf,math,7832,6,18.74,0,0,0.32
204,papers/math/math_024.pdf,math,8088,28,16.75,1,0,0.3673
205,papers/math/math_025.pdf,math,2720,16,16.0,2,0,0.3692
206,papers/math/math_026.pdf,math,6206,12,21.93,0,0,0.3717
207,papers/math/math_027.pdf,math,5812,32,48.84,0,3,0.3756
208,papers/math/math_028.pdf,math,10585,17,20.63,10,5,0.3559
209,papers/math/math_029.pdf,math,6332,41,35.57,6,9,0.3795
210,papers/math/math_030.pdf,math,14343,21,18.63,5,0,0.3684
211,papers/math/math_031.pdf,math,8442,69,21.11,5,0,0.3825
212,papers/math/math_032.pdf,math,12762,63,20.58,7,6,0.3603
213,papers/math/math_033.pdf,math,11663,10,18.22,0,0,0.3452
214,papers/math/math_034.pdf,math,60459,126,26.55,7,6,0.3463
215,papers/math/math_035.pdf,math,16453,39,23.01,8,4,0.3521
216,papers/math/math_036.pdf,math,8730,13,18.77,6,8,0.3609
217,papers/math/math_037.pdf,math,37068,73,36.88,0,0,0.3789
218,papers/math/math_038.pdf,math,10832,33,23.1,6,4,0.4043
219,papers/math/math_039.pdf,math,13078,33,17.16,0,0,0.3334
220,papers/math/math_040.pdf,math,115159,518,39.6,4,6,0.4392
221,papers/math/math_041.pdf,math,10649,13,22.37,3,0,0.3579
222,papers/math/math_042.pdf,math,5125,7,29.62,3,0,0.4036
223,papers/math/math_043.pdf,math,10573,28,21.8,19,0,0.3817
224,papers/math/math_044.pdf,math,9930,51,21.87,3,1,0.3843
225,papers/math/math_045.pdf,math,12659,64,17.04,8,0,0.3676
226,papers/math/math_046.pdf,math,20453,59,24.01,13,0,0.3886
227,papers/math/math_047.pdf,math,10518,70,26.7,1,8,0.3997
228,papers/math/math_048.pdf,math,7510,112,25.81,4,3,0.343
229,papers/math/math_049.pdf,math,27017,36,27.51,11,14,0.3997
230,papers/math/math_050.pdf,math,9201,4,22.95,1,0,0.3626
231,papers/math/math_051.pdf,math,10911,65,19.84,6,1,0.3948
232,papers/math/math_052.pdf,math,8299,36,25.77,0,0,0.3718
233,papers/math/math_053.pdf,math,13543,18,14.33,0,0,0.3486
234,papers/math/math_054.pdf,math,7794,5,20.09,0,0,0.3402
235,papers/math/math_055.pdf,math,11925,19,21.49,1,3,0.3558
236,papers/math/math_056.pdf,math,13739,23,39.14,0,4,0.3822
237,papers/math/math_057.pdf,math,11058,25,23.33,2,0,0.3656
238,papers/math/math_058.pdf,math,27927,38,23.25,1,0,0.3546
239,papers/math/math_059.pdf,math,9491,11,25.72,7,4,0.3727
240,papers/physics/physics_000.pdf,physics,5338,1,20.85,3,0,0.3782
241,papers/physics/physics_001.pdf,physics,10876,41,24.28,11,1,0.3865
242,papers/physics/physics_002.pdf,physics,3342,7,12.66,6,1,0.374
243,papers/physics/physics_003.pdf,physics,11198,13,11.89,10,0,0.341
244,papers/physics/physics_004.pdf,physics,8218,29,28.34,10,4,0.3747
245,papers/physics/physics_005.pdf,physics,9748,67,20.74,7,3,0.3813
246,papers/physics/physics_006.pdf,physics,5439,8,19.36,8,0,0.3854
247,papers/physics/physics_007.pdf,physics,14618,85,21.37,5,0,0.379
248,papers/physics/physics_008.pdf,physics,7173,58,15.63,7,1,0.384
249,papers/physics/physics_009.pdf,physics,10073,73,16.49,8,2,0.3666
250,papers/physics/physics_010.pdf,physics,9372,62,18.27,12,2,0.3589
251,papers/physics/physics_011.pdf,physics,5291,1,20.67,6,0,0.38
252,papers/physics/physics_012.pdf,physics,8873,63,21.59,4,2,0.3627
253,papers/physics/physics_013.pdf,physics,9771,4,13.78,20,0,0.3659
254,papers/physics/physics_014.pdf,physics,4851,13,19.72,4,1,0.3841
255,papers/physics/physics_015.pdf,physics,5590,3,20.63,4,0,0.392
256,papers/physics/physics_016.pdf,physics,7936,33,21.45,4,0,0.3957
257,papers/physics/physics_017.pdf,physics,4974,4,25.51,4,0,0.4051
258,papers/physics/physics_018.pdf,physics,15207,146,18.66,16,8,0.3765
259,papers/physics/physics_019.pdf,physics,8305,14,17.12,10,0,0.3965
260,papers/physics/physics_020.pdf,physics,15350,40,22.02,0,3,0.3571
261,papers/physics/physics_021.pdf,physics,7325,49,19.03,5,0,0.3816
262,papers/physics/physics_022.pdf,physics,6678,39,21.2,14,2,0.3813
263,papers/physics/physics_023.pdf,physics,11415,18,19.35,10,3,0.3468
264,papers/physics/physics_024.pdf,physics,23840,55,21.81,36,5,0.3453
265,papers/physics/physics_025.pdf,physics,6832,2,17.3,7,0,0.3702
266,papers/physics/physics_026.pdf,physics,10690,67,18.18,11,1,0.3517
267,papers/physics/physics_027.pdf,physics,7607,73,16.15,7,1,0.3754
268,papers/physics/physics_028.pdf,physics,8114,62,18.4,12,2,0.3653
269,papers/physics/physics_029.pdf,physics,6744,17,20.19,15,2,0.3691
270,papers/physics/physics_030.pdf,physics,11613,33,35.08,13,1,0.3781
271,papers/physics/physics_031.pdf,physics,9816,57,26.75,14,1,0.3642
272,papers/physics/physics_032.pdf,physics,7616,63,17.15,15,5,0.3915
273,papers/physics/physics_033.pdf,physics,10819,64,21.51,5,0,0.3853
274,papers/physics/physics_034.pdf,physics,3940,1,13.18,4,4,0.3975
275,papers/physics/physics_035.pdf,physics,8805,12,16.46,8,3,0.3905
276,papers/physics/physics_036.pdf,physics,17053,14,21.75,9,0,0.3815
277,papers/physics/physics_037.pdf,physics,5721,14,33.26,11,3,0.4026
278,papers/physics/physics_038.pdf,physics,35994,147,26.9,5,10,0.3364
279,papers/physics/physics_039.pdf,physics,7383,37,21.34,7,0,0.3643
280,papers/physics/physics_040.pdf,physics,9974,72,14.56,6,0,0.381
281,papers/physics/physics_041.pdf,physics,8426,4,16.75,2,1,0.452
282,papers/physics/physics_042.pdf,physics,14053,124,17.52,13,6,0.3742
283,papers/physics/physics_043.pdf,physics,7830,78,13.23,7,0,0.3776
284,papers/physics/physics_044.pdf,physics,7263,68,16.74,7,1,0.3861
285,papers/physics/physics_045.pdf,physics,13560,104,36.55,15,8,0.3735
286,papers/physics/physics_046.pdf,physics,4865,13,14.48,8,0,0.4131
287,papers/physics/physics_048.pdf,physics,3946,6,15.24,1,0,0.3576
288,papers/physics/physics_049.pdf,physics,2273,6,21.44,1,0,0.4302
289,papers/physics/physics_050.pdf,physics,12810,21,22.47,16,3,0.3554
290,papers/physics/physics_051.pdf,physics,13286,171,13.26,11,3,0.3651
291,papers/physics/physics_052.pdf,physics,5711,12,10.11,7,1,0.3667
292,papers/physics/physics_053.pdf,physics,5272,81,15.98,0,0,0.3647
293,papers/physics/physics_054.pdf,physics,3033,7,8.69,1,0,0.3883
294,papers/physics/physics_055.pdf,physics,9151,37,25.28,6,4,0.3594
295,papers/physics/physics_056.pdf,physics,14255,164,14.43,19,0,0.3484
296,papers/physics/physics_057.pdf,physics,5935,60,26.61,5,0,0.4246
297,papers/physics/physics_058.pdf,physics,8600,6,16.29,19,3,0.3696
298,papers/physics/physics_059.pdf,physics,23328,29,29.6,15,2,0.3442
